IDProduto;IDVenda;Quantidade;ValorUnitario;ValorTotal;Desconto
2;1;1;7820.85;7820.85;0.00
9;1;1;97.75;97.75;0.98
10;1;1;135.00;135.00;1.35
8;2;1;150.40;150.40;1.50
5;3;2;2966.00;5932.00;0.00
7;3;1;155.00;155.00;0.00
2;4;1;7820.85;7820.85;0.00
6;4;2;2955.00;5910.00;59.10
9;4;1;97.75;97.75;0.98
1;5;1;8852.00;8852.00;0.00
3;5;2;3255.08;6510.16;65.10
4;5;1;7658.00;7658.00;0.00
6;5;1;2955.00;2955.00;0.00
10;5;1;121.50;121.50;1.22
2;6;2;9201.00;18402.00;184.02
1;7;1;7524.20;7524.20;0.00
2;8;1;7820.85;7820.85;78.21
3;8;1;3616.75;3616.75;0.00
8;8;2;188.00;376.00;0.00
9;8;1;115.00;115.00;1.15
10;8;1;108.00;108.00;1.08
6;9;1;2364.00;2364.00;23.64
7;9;1;155.00;155.00;1.55
8;9;1;188.00;188.00;1.88
9;9;1;97.75;97.75;0.98
1;10;1;8852.00;8852.00;0.00
1;11;1;7524.20;7524.20;0.00
4;11;1;6509.30;6509.30;0.00
6;11;1;2511.75;2511.75;0.00
1;12;1;8852.00;8852.00;0.00
6;12;1;2260.58;2260.58;0.00
7;12;1;139.50;139.50;0.00
8;12;1;159.80;159.80;0.00
2;13;2;7820.85;15641.70;0.00
8;13;1;188.00;188.00;1.88
1;14;1;6019.36;6019.36;60.19
10;14;1;135.00;135.00;1.35
3;15;1;3255.08;3255.08;32.55
6;16;1;2511.75;2511.75;25.12
7;16;1;139.50;139.50;0.00
9;16;1;115.00;115.00;1.15
10;16;1;135.00;135.00;1.35
2;17;2;7820.85;15641.70;0.00
8;17;1;188.00;188.00;0.00
3;18;2;3616.75;7233.50;0.00
4;18;1;7658.00;7658.00;76.58
5;18;1;2016.88;2016.88;0.00
9;18;1;87.98;87.98;0.88
7;19;1;155.00;155.00;1.55
7;20;1;131.75;131.75;1.32
5;21;1;2521.10;2521.10;0.00
1;22;1;7524.20;7524.20;0.00
8;22;1;127.84;127.84;0.00
6;23;1;2955.00;2955.00;0.00
8;24;1;159.80;159.80;1.60
10;24;1;114.75;114.75;1.15
1;25;1;8852.00;8852.00;88.52
5;25;1;2268.99;2268.99;22.69
8;25;1;169.20;169.20;0.00
1;26;1;8852.00;8852.00;0.00
8;26;1;127.84;127.84;0.00
3;27;1;3255.08;3255.08;32.55
8;27;1;188.00;188.00;1.88
9;27;1;97.75;97.75;0.00
6;28;1;2260.58;2260.58;22.61
6;29;2;2955.00;5910.00;0.00
4;30;1;6892.20;6892.20;68.92
9;30;1;115.00;115.00;1.15
10;30;1;121.50;121.50;1.22
5;31;1;2016.88;2016.88;0.00
6;31;1;2511.75;2511.75;25.12
7;31;1;94.86;94.86;0.95
9;31;1;87.98;87.98;0.88
1;32;2;7081.60;14163.20;0.00
10;32;1;121.50;121.50;0.00
1;33;1;6771.78;6771.78;67.72
6;33;1;2009.40;2009.40;0.00
8;33;1;159.80;159.80;1.60
1;34;1;8852.00;8852.00;88.52
4;34;1;6892.20;6892.20;0.00
9;34;1;78.20;78.20;0.00
8;35;1;159.80;159.80;1.60
10;35;1;103.28;103.28;1.03
2;36;1;7820.85;7820.85;78.21
4;36;1;7658.00;7658.00;0.00
5;36;1;2966.00;2966.00;29.66
7;36;1;155.00;155.00;1.55
9;36;1;103.50;103.50;1.04
10;36;1;135.00;135.00;0.00
3;37;2;3255.08;6510.16;65.10
2;38;1;9201.00;9201.00;0.00
5;39;1;2268.99;2268.99;22.69
6;39;1;2511.75;2511.75;0.00
5;40;2;2966.00;5932.00;0.00
5;41;1;2669.40;2669.40;26.69
7;41;1;131.75;131.75;0.00
8;41;1;188.00;188.00;0.00
1;42;1;6771.78;6771.78;0.00
3;42;1;3829.50;3829.50;0.00
6;42;1;2364.00;2364.00;23.64
10;42;1;114.75;114.75;1.15
7;43;1;118.58;118.58;0.00
8;43;1;188.00;188.00;1.88
1;44;1;7524.20;7524.20;0.00
9;45;1;115.00;115.00;0.00
1;46;1;6771.78;6771.78;67.72
7;46;1;131.75;131.75;1.32
8;46;1;159.80;159.80;0.00
9;46;1;97.75;97.75;0.00
10;46;1;135.00;135.00;0.00
2;47;2;7820.85;15641.70;156.42
4;47;1;5513.76;5513.76;55.14
3;48;2;2893.40;5786.80;0.00
9;48;1;78.20;78.20;0.00
2;49;1;5631.01;5631.01;56.31
8;49;1;188.00;188.00;0.00
9;49;1;103.50;103.50;1.04
5;50;1;2669.40;2669.40;0.00
8;50;1;188.00;188.00;1.88
4;51;1;5858.37;5858.37;0.00
4;52;1;5858.37;5858.37;0.00
5;52;1;2521.10;2521.10;0.00
10;52;1;121.50;121.50;0.00
2;53;1;9201.00;9201.00;92.01
3;53;1;2604.06;2604.06;0.00
8;53;1;188.00;188.00;0.00
9;53;1;103.50;103.50;0.00
1;54;1;7524.20;7524.20;75.24
10;54;2;114.75;229.50;2.29
1;55;1;7966.80;7966.80;0.00
4;55;1;5858.37;5858.37;58.58
9;55;1;115.00;115.00;0.00
1;56;1;7966.80;7966.80;79.67
5;56;1;2966.00;2966.00;0.00
9;56;1;87.98;87.98;0.00
10;56;1;91.80;91.80;0.00
4;57;2;6509.30;13018.60;0.00
8;58;1;169.20;169.20;1.69
1;59;1;8852.00;8852.00;88.52
5;59;1;2372.80;2372.80;23.73
7;59;1;139.50;139.50;0.00
4;60;1;7658.00;7658.00;76.58
10;60;2;121.50;243.00;2.43
2;61;1;8280.90;8280.90;82.81
3;62;1;3616.75;3616.75;36.17
2;63;1;7820.85;7820.85;78.21
8;64;1;135.36;135.36;0.00
9;64;1;87.98;87.98;0.88
10;64;1;135.00;135.00;0.00
5;65;1;2521.10;2521.10;0.00
9;65;1;87.98;87.98;0.00
3;66;1;3616.75;3616.75;0.00
7;66;1;155.00;155.00;1.55
10;66;1;114.75;114.75;0.00
4;67;1;6509.30;6509.30;65.09
8;67;1;169.20;169.20;1.69
3;68;1;3616.75;3616.75;36.17
7;68;1;118.58;118.58;0.00
10;68;1;103.28;103.28;1.03
1;69;2;8852.00;17704.00;0.00
8;69;1;169.20;169.20;1.69
9;69;1;78.20;78.20;0.78
10;69;1;121.50;121.50;0.00
10;70;1;114.75;114.75;0.00
6;71;1;2009.40;2009.40;0.00
1;72;1;6771.78;6771.78;0.00
2;72;1;6256.68;6256.68;62.57
6;72;1;2260.58;2260.58;0.00
10;72;1;135.00;135.00;1.35
2;73;1;7038.77;7038.77;70.39
8;74;1;127.84;127.84;1.28
1;75;1;8852.00;8852.00;0.00
7;75;1;155.00;155.00;1.55
4;76;1;7658.00;7658.00;382.90
6;76;1;2955.00;2955.00;118.20
7;76;1;124.00;124.00;4.96
2;77;1;9201.00;9201.00;460.05
10;78;1;91.80;91.80;1.84
3;79;1;3616.75;3616.75;180.84
4;79;1;6509.30;6509.30;260.37
5;79;1;2966.00;2966.00;29.66
10;79;1;114.75;114.75;2.30
3;80;2;3616.75;7233.50;217.01
1;81;1;8852.00;8852.00;531.12
2;81;1;9201.00;9201.00;276.03
6;81;1;2260.58;2260.58;45.21
7;81;1;94.86;94.86;4.74
10;81;1;135.00;135.00;2.70
1;82;2;7524.20;15048.40;601.94
8;82;1;127.84;127.84;3.84
9;82;1;97.75;97.75;2.93
10;82;1;103.28;103.28;5.16
4;83;1;6892.20;6892.20;206.77
8;83;1;169.20;169.20;3.38
10;83;1;135.00;135.00;2.70
2;84;1;8280.90;8280.90;248.43
1;85;2;5417.42;10834.84;108.35
6;85;1;2659.50;2659.50;53.19
9;85;1;103.50;103.50;4.14
10;85;1;108.00;108.00;5.40
8;86;1;159.80;159.80;1.60
9;86;1;115.00;115.00;1.15
10;86;1;114.75;114.75;6.89
2;87;1;8280.90;8280.90;331.24
9;87;1;87.98;87.98;1.76
4;88;2;5858.37;11716.74;234.33
9;88;1;103.50;103.50;5.18
1;89;1;8852.00;8852.00;177.04
5;89;1;2966.00;2966.00;88.98
4;90;1;6892.20;6892.20;275.69
7;90;1;124.00;124.00;2.48
9;90;1;97.75;97.75;3.91
10;90;1;91.80;91.80;3.67
10;91;1;103.28;103.28;5.16
6;92;2;2511.75;5023.50;301.41
7;92;1;139.50;139.50;5.58
2;93;1;7038.77;7038.77;351.94
3;94;1;4255.00;4255.00;85.10
6;94;1;2511.75;2511.75;100.47
9;95;1;92.00;92.00;2.76
10;95;1;121.50;121.50;2.43
2;96;1;7820.85;7820.85;391.04
3;96;1;3616.75;3616.75;36.17
5;96;1;2268.99;2268.99;45.38
6;96;1;2955.00;2955.00;59.10
8;96;1;169.20;169.20;6.77
9;96;1;92.00;92.00;5.52
10;96;2;121.50;243.00;14.58
8;97;1;143.82;143.82;2.88
1;98;2;8852.00;17704.00;1062.24
10;98;1;114.75;114.75;3.44
4;99;1;4686.70;4686.70;93.73
7;99;1;118.58;118.58;1.19
6;100;1;2364.00;2364.00;23.64
8;100;1;143.82;143.82;4.31
10;100;1;135.00;135.00;2.70
7;101;1;118.58;118.58;2.37
9;101;1;115.00;115.00;1.15
7;102;1;155.00;155.00;4.65
5;103;1;2268.99;2268.99;45.38
8;103;1;159.80;159.80;1.60
1;104;2;6771.78;13543.56;406.31
2;104;2;6624.72;13249.44;132.49
6;104;1;2260.58;2260.58;135.63
8;104;1;150.40;150.40;9.02
9;104;1;103.50;103.50;2.07
1;105;2;7524.20;15048.40;451.45
5;105;1;2521.10;2521.10;50.42
6;105;1;2511.75;2511.75;50.24
8;105;1;169.20;169.20;8.46
9;105;1;87.98;87.98;3.52
1;106;1;6771.78;6771.78;270.87
2;107;1;5631.01;5631.01;56.31
9;108;2;103.50;207.00;10.35
2;109;2;8280.90;16561.80;331.24
2;110;2;9201.00;18402.00;920.10
6;110;1;2955.00;2955.00;118.20
5;111;1;2966.00;2966.00;177.96
9;111;1;82.80;82.80;0.83
1;112;1;6771.78;6771.78;270.87
5;112;2;2521.10;5042.20;302.53
8;112;1;188.00;188.00;7.52
10;112;1;121.50;121.50;4.86
2;113;1;6256.68;6256.68;375.40
5;113;1;2966.00;2966.00;88.98
9;113;1;87.98;87.98;3.52
1;114;1;7966.80;7966.80;239.00
3;114;1;3829.50;3829.50;191.48
4;114;1;6509.30;6509.30;390.56
10;114;1;108.00;108.00;2.16
7;115;1;118.58;118.58;5.93
8;115;1;150.40;150.40;6.02
9;115;1;115.00;115.00;6.90
10;115;1;114.75;114.75;1.15
5;116;1;2669.40;2669.40;26.69
9;116;1;70.38;70.38;2.11
10;116;1;108.00;108.00;4.32
7;117;1;155.00;155.00;1.55
8;118;1;159.80;159.80;7.99
8;119;1;159.80;159.80;9.59
3;120;1;4255.00;4255.00;255.30
9;120;1;115.00;115.00;5.75
10;120;2;135.00;270.00;16.20
1;121;1;8852.00;8852.00;177.04
2;121;1;8280.90;8280.90;414.05
8;121;1;188.00;188.00;7.52
9;121;1;92.00;92.00;0.92
10;121;1;114.75;114.75;2.30
5;122;1;2966.00;2966.00;118.64
8;122;1;188.00;188.00;3.76
10;122;1;135.00;135.00;2.70
1;123;2;7966.80;15933.60;956.02
3;123;1;3829.50;3829.50;191.48
7;123;1;131.75;131.75;6.59
8;123;1;188.00;188.00;7.52
2;124;2;7820.85;15641.70;625.67
7;124;1;155.00;155.00;6.20
10;124;1;114.75;114.75;6.89
4;125;1;6509.30;6509.30;390.56
7;126;1;131.75;131.75;3.95
8;126;1;169.20;169.20;1.69
9;126;1;97.75;97.75;1.96
10;126;1;108.00;108.00;3.24
1;127;1;5417.42;5417.42;54.17
9;127;1;115.00;115.00;1.15
5;128;1;2521.10;2521.10;100.84
6;128;1;2659.50;2659.50;106.38
6;129;1;2127.60;2127.60;85.10
10;129;1;114.75;114.75;6.89
3;130;2;2893.40;5786.80;231.47
2;131;1;6256.68;6256.68;250.27
3;131;2;3829.50;7659.00;306.36
5;131;1;2268.99;2268.99;68.07
6;132;1;2955.00;2955.00;29.55
7;132;1;131.75;131.75;2.63
9;133;1;97.75;97.75;1.96
10;133;1;121.50;121.50;2.43
3;134;1;3829.50;3829.50;76.59
4;134;1;6509.30;6509.30;130.19
8;134;1;188.00;188.00;3.76
9;134;1;97.75;97.75;3.91
10;134;2;103.28;206.56;2.07
6;135;1;2659.50;2659.50;53.19
7;135;1;94.86;94.86;3.79
8;135;1;159.80;159.80;4.79
4;136;1;7658.00;7658.00;153.16
5;136;1;2521.10;2521.10;75.63
9;136;1;97.75;97.75;0.98
10;136;1;108.00;108.00;6.48
7;137;1;139.50;139.50;4.19
5;138;1;2521.10;2521.10;151.27
2;139;1;8280.90;8280.90;248.43
8;139;1;135.36;135.36;4.06
9;139;1;97.75;97.75;5.86
4;140;1;6509.30;6509.30;455.65
2;141;1;9201.00;9201.00;552.06
3;141;1;3616.75;3616.75;180.84
5;142;2;2669.40;5338.80;320.33
10;142;1;114.75;114.75;8.03
5;143;2;2669.40;5338.80;160.16
8;143;1;188.00;188.00;9.40
9;143;1;82.80;82.80;4.97
8;144;1;115.06;115.06;4.60
3;145;2;3616.75;7233.50;361.68
5;145;1;2966.00;2966.00;207.62
5;146;1;2372.80;2372.80;118.64
10;146;1;91.80;91.80;3.67
3;147;1;78.20;78.20;4.69
4;147;1;6509.30;6509.30;455.65
5;147;1;2521.10;2521.10;126.06
9;147;1;78.20;78.20;5.47
10;147;1;135.00;135.00;4.05
2;148;1;7360.80;7360.80;441.65
7;149;1;131.75;131.75;5.27
8;149;1;159.80;159.80;4.79
4;150;1;6509.30;6509.30;195.28
8;150;1;188.00;188.00;13.16
3;151;1;4255.00;4255.00;127.65
7;151;1;131.75;131.75;7.91
5;152;1;2135.52;2135.52;64.07
4;153;1;5207.44;5207.44;156.22
10;153;1;108.00;108.00;4.32
2;154;1;7820.85;7820.85;312.83
8;154;1;169.20;169.20;6.77
8;155;1;159.80;159.80;7.99
2;156;2;9201.00;18402.00;1104.12
8;156;2;143.82;287.64;20.13
10;156;1;97.20;97.20;6.80
2;157;1;9201.00;9201.00;644.07
5;157;1;2016.88;2016.88;121.01
7;157;1;131.75;131.75;6.59
6;158;2;2659.50;5319.00;159.57
7;158;1;124.00;124.00;4.96
8;158;1;150.40;150.40;6.02
5;159;1;2268.99;2268.99;90.76
2;160;2;7820.85;15641.70;469.25
3;160;1;3616.75;3616.75;253.17
10;160;2;135.00;270.00;8.10
1;161;1;7524.20;7524.20;376.21
5;161;1;2268.99;2268.99;113.45
8;161;1;188.00;188.00;7.52
9;161;1;82.80;82.80;2.48
10;161;1;114.75;114.75;6.89
1;162;1;7524.20;7524.20;225.73
4;162;1;5858.37;5858.37;234.33
8;162;1;188.00;188.00;9.40
5;163;1;2966.00;2966.00;207.62
8;163;1;143.82;143.82;7.19
9;163;1;97.75;97.75;3.91
5;164;2;2966.00;5932.00;355.92
6;164;1;2955.00;2955.00;206.85
8;164;1;143.82;143.82;10.07
9;164;1;92.00;92.00;6.44
1;165;1;8852.00;8852.00;265.56
10;165;1;114.75;114.75;6.89
2;166;1;9201.00;9201.00;552.06
5;167;1;2521.10;2521.10;75.63
7;168;1;111.60;111.60;5.58
8;168;1;159.80;159.80;7.99
9;168;1;103.50;103.50;4.14
10;168;1;121.50;121.50;3.65
7;169;1;131.75;131.75;6.59
7;170;2;155.00;310.00;9.30
3;171;1;3616.75;3616.75;108.50
7;171;1;124.00;124.00;8.68
10;171;1;97.20;97.20;3.89
2;172;2;7820.85;15641.70;1094.92
4;172;2;6509.30;13018.60;1301.86
2;173;2;9201.00;18402.00;1840.20
6;173;1;2955.00;2955.00;265.95
10;173;1;114.75;114.75;10.33
4;174;1;6509.30;6509.30;650.93
8;175;1;159.80;159.80;14.38
5;176;1;2521.10;2521.10;176.48
6;176;1;2127.60;2127.60;148.93
7;176;1;131.75;131.75;10.54
3;177;1;3255.08;3255.08;292.96
8;177;1;143.82;143.82;12.94
10;178;1;121.50;121.50;12.15
1;179;1;7966.80;7966.80;717.01
5;179;2;2966.00;5932.00;415.24
6;179;1;2955.00;2955.00;206.85
7;179;1;105.40;105.40;7.38
5;180;1;2521.10;2521.10;226.90
6;180;1;2659.50;2659.50;265.95
4;181;2;6509.30;13018.60;1301.86
7;181;1;139.50;139.50;12.56
5;182;1;2966.00;2966.00;207.62
8;182;1;188.00;188.00;15.04
10;182;1;135.00;135.00;12.15
3;183;1;3255.08;3255.08;227.86
9;183;1;78.20;78.20;6.26
10;183;1;114.75;114.75;9.18
5;184;1;2016.88;2016.88;161.35
2;185;2;7038.77;14077.54;1407.75
3;185;1;3829.50;3829.50;306.36
5;185;1;2268.99;2268.99;226.90
8;185;1;169.20;169.20;15.23
8;186;1;169.20;169.20;13.54
2;187;1;9201.00;9201.00;736.08
9;187;1;97.75;97.75;8.80
10;187;1;114.75;114.75;8.03
1;188;1;8852.00;8852.00;619.64
1;189;1;7524.20;7524.20;677.18
8;189;1;150.40;150.40;15.04
1;190;1;7966.80;7966.80;637.34
2;190;1;7360.80;7360.80;736.08
9;190;1;82.80;82.80;6.62
10;190;1;121.50;121.50;8.51
8;191;1;188.00;188.00;16.92
8;192;1;188.00;188.00;15.04
9;192;1;78.20;78.20;7.04
10;192;1;121.50;121.50;8.51
2;193;2;7360.80;14721.60;1472.16
6;193;1;2511.75;2511.75;226.06
7;193;1;118.58;118.58;9.49
9;193;1;115.00;115.00;11.50
2;194;2;8280.90;16561.80;1159.33
3;195;2;3616.75;7233.50;651.02
10;195;1;114.75;114.75;8.03
7;196;1;139.50;139.50;9.76
1;197;1;8852.00;8852.00;796.68
4;197;2;6892.20;13784.40;964.91
9;197;1;115.00;115.00;8.05
3;198;1;3829.50;3829.50;268.07
4;198;1;5207.44;5207.44;416.60
7;198;1;139.50;139.50;12.56
10;198;2;135.00;270.00;18.90
4;199;1;7658.00;7658.00;765.80
5;199;1;2669.40;2669.40;266.94
7;199;1;131.75;131.75;10.54
8;199;1;159.80;159.80;14.38
4;200;1;7658.00;7658.00;765.80
10;200;1;135.00;135.00;9.45
3;201;2;4255.00;8510.00;765.90
6;202;1;2955.00;2955.00;295.50
7;202;1;155.00;155.00;17.05
9;203;1;92.00;92.00;9.20
6;204;2;2659.50;5319.00;585.09
7;204;1;118.58;118.58;13.04
9;204;1;115.00;115.00;13.80
2;205;1;7360.80;7360.80;736.08
6;205;1;2260.58;2260.58;271.27
8;205;1;188.00;188.00;22.56
9;205;1;97.75;97.75;11.73
10;205;1;114.75;114.75;11.48
1;206;1;6771.78;6771.78;744.90
8;206;1;188.00;188.00;18.80
10;206;1;135.00;135.00;14.85
7;207;1;118.58;118.58;14.23
8;207;1;159.80;159.80;17.58
9;207;1;78.20;78.20;9.38
10;207;1;135.00;135.00;16.20
3;208;2;3616.75;7233.50;723.35
7;208;1;155.00;155.00;15.50
9;208;1;103.50;103.50;10.35
5;209;1;2521.10;2521.10;302.53
7;209;1;131.75;131.75;15.81
9;210;1;103.50;103.50;12.42
2;211;1;9201.00;9201.00;920.10
10;211;1;121.50;121.50;13.37
6;212;2;2260.58;4521.16;497.33
8;212;1;169.20;169.20;20.30
9;212;1;92.00;92.00;11.04
10;212;1;135.00;135.00;13.50
4;213;1;5858.37;5858.37;703.00
10;214;2;103.28;206.56;22.72
6;215;2;2260.58;4521.16;497.33
3;216;1;3616.75;3616.75;361.68
7;216;1;155.00;155.00;17.05
10;216;1;121.50;121.50;13.37
6;217;1;2955.00;2955.00;354.60
4;218;1;6892.20;6892.20;689.22
8;218;1;115.06;115.06;11.51
1;219;1;7524.20;7524.20;752.42
4;219;1;6892.20;6892.20;689.22
1;220;1;7524.20;7524.20;827.66
4;221;1;6126.40;6126.40;735.17
5;221;2;2521.10;5042.20;605.06
9;222;2;115.00;230.00;23.00
4;223;2;6509.30;13018.60;1562.23
5;223;1;2966.00;2966.00;296.60
6;223;1;2955.00;2955.00;325.05
7;223;1;155.00;155.00;15.50
9;223;1;115.00;115.00;11.50
10;223;2;103.28;206.56;22.72
2;224;1;7820.85;7820.85;782.09
3;225;1;4255.00;4255.00;425.50
5;225;1;2966.00;2966.00;326.26
10;225;1;91.80;91.80;11.02
6;226;1;2955.00;2955.00;295.50
1;227;1;8852.00;8852.00;1062.24
3;227;1;4255.00;4255.00;425.50
6;227;1;2955.00;2955.00;295.50
1;228;2;7524.20;15048.40;1805.81
1;229;1;8852.00;8852.00;1239.28
4;229;1;6509.30;6509.30;911.30
6;229;1;2127.60;2127.60;255.31
9;229;1;78.20;78.20;10.95
1;230;1;8852.00;8852.00;1150.76
4;230;2;6509.30;13018.60;1301.86
5;230;1;2966.00;2966.00;296.60
9;230;2;97.75;195.50;23.46
10;230;1;114.75;114.75;16.07
9;231;1;97.75;97.75;14.66
6;232;2;2955.00;5910.00;650.10
2;233;1;8280.90;8280.90;1159.33
3;233;1;4255.00;4255.00;595.70
9;234;1;82.80;82.80;9.94
10;234;1;135.00;135.00;16.20
9;235;2;87.98;175.96;24.63
3;236;1;2893.40;2893.40;289.34
4;236;2;7658.00;15316.00;1837.92
10;236;1;103.28;103.28;15.49
6;237;1;2260.58;2260.58;226.06
7;237;1;139.50;139.50;13.95
8;237;1;188.00;188.00;22.56
3;238;1;3616.75;3616.75;470.18
4;238;1;6126.40;6126.40;735.17
5;238;1;2966.00;2966.00;355.92
6;238;1;2955.00;2955.00;413.70
7;238;1;118.58;118.58;15.42
8;238;1;143.82;143.82;20.13
9;238;1;78.20;78.20;10.95
10;238;1;103.28;103.28;10.33
1;239;1;8852.00;8852.00;1150.76
4;239;1;6126.40;6126.40;918.96
7;239;1;131.75;131.75;14.49
8;239;1;159.80;159.80;22.37
9;239;1;97.75;97.75;10.75
10;239;1;114.75;114.75;12.62
3;240;1;3616.75;3616.75;542.51
7;240;1;131.75;131.75;14.49
9;240;1;92.00;92.00;13.80
10;240;1;114.75;114.75;11.48
1;241;1;6771.78;6771.78;744.90
3;241;1;3829.50;3829.50;536.13
7;241;1;139.50;139.50;13.95
9;241;1;97.75;97.75;13.69
10;241;1;135.00;135.00;18.90
5;242;1;2268.99;2268.99;294.97
8;243;1;169.20;169.20;18.61
1;244;1;6771.78;6771.78;744.90
2;244;1;8280.90;8280.90;1076.52
3;244;2;3829.50;7659.00;765.90
3;245;1;4255.00;4255.00;553.15
9;245;1;97.75;97.75;9.78
10;245;1;97.20;97.20;13.61
7;246;1;131.75;131.75;18.45
9;246;1;97.75;97.75;14.66
10;247;1;97.20;97.20;10.69
2;248;1;7038.77;7038.77;844.65
3;248;1;3829.50;3829.50;459.54
4;248;2;6509.30;13018.60;1301.86
5;248;1;2966.00;2966.00;385.58
5;249;2;2966.00;5932.00;771.16
8;249;1;143.82;143.82;21.57
1;250;1;6019.36;6019.36;842.71
3;250;1;4255.00;4255.00;595.70
10;250;1;135.00;135.00;17.55
2;251;1;7820.85;7820.85;1094.92
4;251;1;5858.37;5858.37;820.17
10;251;1;135.00;135.00;13.50
1;252;1;8852.00;8852.00;1150.76
3;252;1;4255.00;4255.00;595.70
8;252;1;188.00;188.00;22.56
4;253;1;6509.30;6509.30;911.30
6;253;1;2364.00;2364.00;307.32
9;253;1;103.50;103.50;12.42
5;254;1;2521.10;2521.10;302.53
6;254;1;2955.00;2955.00;413.70
7;254;1;118.58;118.58;11.86
8;254;1;188.00;188.00;18.80
5;255;2;2521.10;5042.20;504.22
6;255;1;2955.00;2955.00;443.25
1;256;1;6019.36;6019.36;662.13
3;256;1;3616.75;3616.75;470.18
4;256;1;7658.00;7658.00;842.38
6;256;1;2009.40;2009.40;301.41
10;256;1;135.00;135.00;13.50
3;257;1;3829.50;3829.50;421.25
7;257;1;155.00;155.00;15.50
2;258;1;7360.80;7360.80;809.69
5;259;2;2966.00;5932.00;889.80
7;259;1;131.75;131.75;18.45
4;260;2;7658.00;15316.00;1837.92
10;260;1;135.00;135.00;13.50
1;261;1;7966.80;7966.80;1035.68
2;261;1;7038.77;7038.77;985.43
7;261;1;111.60;111.60;13.39
9;261;1;115.00;115.00;11.50
10;261;1;114.75;114.75;11.48
9;262;1;97.75;97.75;19.55
3;263;1;4255.00;4255.00;680.80
4;263;2;5858.37;11716.74;2109.01
7;263;1;155.00;155.00;27.90
10;263;1;103.28;103.28;20.66
2;264;2;8280.90;16561.80;3146.74
3;264;1;4255.00;4255.00;510.60
7;264;1;118.58;118.58;15.42
10;265;2;82.62;165.24;24.79
5;266;2;2966.00;5932.00;1186.40
8;266;1;159.80;159.80;28.76
9;266;1;115.00;115.00;18.40
2;267;1;9201.00;9201.00;1472.16
7;268;1;124.00;124.00;16.12
10;268;1;91.80;91.80;13.77
4;269;1;6509.30;6509.30;1301.86
6;269;1;2127.60;2127.60;404.24
6;270;1;2260.58;2260.58;361.69
7;270;1;131.75;131.75;22.40
8;270;1;188.00;188.00;35.72
10;270;1;121.50;121.50;20.66
5;271;1;2966.00;2966.00;385.58
9;271;2;115.00;230.00;32.20
10;271;1;121.50;121.50;15.80
8;272;1;159.80;159.80;20.77
10;272;1;103.28;103.28;13.43
6;273;1;2511.75;2511.75;427.00
5;274;2;2966.00;5932.00;830.48
9;275;1;115.00;115.00;17.25
1;276;1;8852.00;8852.00;1593.36
9;277;2;87.98;175.96;22.87
7;278;1;155.00;155.00;20.15
8;278;1;169.20;169.20;25.38
1;279;1;8852.00;8852.00;1327.80
9;279;1;103.50;103.50;19.67
3;280;1;3255.08;3255.08;488.26
1;281;1;6373.44;6373.44;892.28
5;281;1;2669.40;2669.40;427.10
6;281;1;2511.75;2511.75;401.88
10;281;1;121.50;121.50;17.01
1;282;1;7524.20;7524.20;1279.11
7;282;1;139.50;139.50;18.14
9;282;1;115.00;115.00;17.25
5;283;1;2521.10;2521.10;327.74
8;283;1;159.80;159.80;25.57
9;283;1;103.50;103.50;19.67
10;283;1;121.50;121.50;19.44
4;284;1;6892.20;6892.20;1378.44
7;284;1;118.58;118.58;17.79
5;285;1;2268.99;2268.99;408.42
1;286;2;7524.20;15048.40;2257.26
7;286;1;118.58;118.58;23.72
9;286;1;115.00;115.00;20.70
10;286;1;135.00;135.00;25.65
3;287;1;4255.00;4255.00;510.60
4;288;1;7658.00;7658.00;1072.12
7;289;1;155.00;155.00;20.15
8;289;1;169.20;169.20;23.69
9;289;1;115.00;115.00;20.70
1;290;1;8852.00;8852.00;1593.36
5;290;1;2521.10;2521.10;378.17
9;290;1;115.00;115.00;23.00
3;291;1;4255.00;4255.00;553.15
10;291;1;103.28;103.28;19.62
1;292;2;6771.78;13543.56;2437.84
2;293;1;7820.85;7820.85;1251.34
7;293;1;111.60;111.60;13.39
3;294;2;3829.50;7659.00;1761.57
6;294;2;2511.75;5023.50;653.06
3;295;1;4255.00;4255.00;723.35
5;295;1;2268.99;2268.99;317.66
8;295;1;159.80;159.80;27.17
2;296;1;9201.00;9201.00;1932.21
5;296;1;2966.00;2966.00;593.20
5;297;1;2669.40;2669.40;533.88
7;297;1;139.50;139.50;27.90
8;297;1;188.00;188.00;22.56
10;297;1;135.00;135.00;20.25
1;298;1;6771.78;6771.78;1083.48
5;299;1;2521.10;2521.10;352.95
6;299;1;2127.60;2127.60;297.86
8;299;1;188.00;188.00;41.36
10;300;1;121.50;121.50;15.80
6;301;1;2511.75;2511.75;552.59
1;302;1;8852.00;8852.00;1947.44
2;303;2;8280.90;16561.80;2815.51
3;304;1;3616.75;3616.75;831.85
7;305;2;105.40;210.80;35.84
2;306;1;7820.85;7820.85;1720.59
10;306;1;114.75;114.75;20.66
10;307;1;135.00;135.00;21.60
1;308;1;7524.20;7524.20;1655.32
8;308;1;150.40;150.40;19.55
5;309;1;2521.10;2521.10;630.28
10;309;1;135.00;135.00;33.75
2;310;1;7820.85;7820.85;1407.75
4;310;1;5513.76;5513.76;992.48
8;310;1;188.00;188.00;30.08
3;311;1;3616.75;3616.75;868.02
4;311;1;6509.30;6509.30;781.12
5;312;1;2521.10;2521.10;504.22
10;312;1;135.00;135.00;16.20
5;313;1;2521.10;2521.10;579.85
9;313;1;97.75;97.75;21.51
3;314;1;3255.08;3255.08;651.02
9;315;1;115.00;115.00;21.85
7;316;1;118.58;118.58;20.16
10;316;1;135.00;135.00;28.35
6;317;2;2511.75;5023.50;1255.88
6;318;1;2260.58;2260.58;316.48
7;318;1;155.00;155.00;34.10
9;318;1;87.98;87.98;12.32
2;319;1;5631.01;5631.01;957.27
8;319;1;159.80;159.80;30.36
1;320;1;8852.00;8852.00;1858.92
2;320;2;7820.85;15641.70;2346.26
4;320;1;4686.70;4686.70;937.34
6;321;1;2511.75;2511.75;602.82
7;321;1;155.00;155.00;23.25
10;321;1;103.28;103.28;15.49
2;322;1;7820.85;7820.85;1720.59
8;322;1;169.20;169.20;20.30
9;322;1;70.38;70.38;14.78
4;323;1;6126.40;6126.40;918.96
7;323;1;155.00;155.00;31.00
9;323;1;87.98;87.98;11.44
5;324;1;2966.00;2966.00;711.84
10;324;1;114.75;114.75;28.69
6;325;1;2260.58;2260.58;565.15
9;325;1;115.00;115.00;19.55
3;326;2;3829.50;7659.00;1991.34
5;327;1;2669.40;2669.40;640.66
9;327;1;87.98;87.98;17.60
2;328;1;7820.85;7820.85;1720.59
3;328;1;4255.00;4255.00;1233.95
4;328;1;7658.00;7658.00;1991.08
9;328;1;97.75;97.75;24.44
10;328;1;135.00;135.00;36.45
2;329;1;8280.90;8280.90;2318.65
7;329;1;155.00;155.00;27.90
4;330;1;7658.00;7658.00;1455.02
8;330;1;150.40;150.40;30.08
9;330;1;87.98;87.98;21.12
10;330;1;121.50;121.50;30.38
2;331;1;7820.85;7820.85;1955.21
3;331;1;4255.00;4255.00;1063.75
3;332;2;3616.75;7233.50;1663.71
5;332;2;2268.99;4537.98;862.22
7;332;1;131.75;131.75;39.53
8;332;1;188.00;188.00;56.40
9;332;1;87.98;87.98;24.63
10;332;1;114.75;114.75;20.66
8;333;1;159.80;159.80;44.74
9;333;1;92.00;92.00;25.76
1;334;1;8852.00;8852.00;2035.96
5;335;1;2521.10;2521.10;529.43
9;335;1;115.00;115.00;23.00
10;335;1;135.00;135.00;39.15
3;336;2;4255.00;8510.00;2467.90
6;336;1;2009.40;2009.40;401.88
7;336;1;139.50;139.50;36.27
8;337;1;143.82;143.82;31.64
1;338;1;7524.20;7524.20;1730.57
9;338;1;103.50;103.50;31.05
2;339;2;8280.90;16561.80;3312.36
5;339;1;2966.00;2966.00;563.54
8;340;1;159.80;159.80;47.94
2;341;1;8280.90;8280.90;1821.80
3;341;1;4255.00;4255.00;936.10
8;341;1;169.20;169.20;40.61
9;341;1;103.50;103.50;21.74
10;341;2;114.75;229.50;64.26
4;342;1;6892.20;6892.20;1585.21
7;342;1;131.75;131.75;35.57
8;342;1;159.80;159.80;33.56
8;343;1;143.82;143.82;40.27
9;343;1;103.50;103.50;23.81
3;344;1;3255.08;3255.08;813.77
4;344;1;6509.30;6509.30;1301.86
10;344;1;108.00;108.00;20.52
7;345;1;105.40;105.40;20.03
1;346;2;7966.80;15933.60;3186.72
2;346;2;8280.90;16561.80;4140.45
3;347;2;4255.00;8510.00;2297.70
3;348;1;3829.50;3829.50;957.38
8;349;2;159.80;319.60;60.72
6;350;1;2511.75;2511.75;502.35
9;351;1;103.50;103.50;23.81
5;352;1;2669.40;2669.40;747.43
2;353;1;7360.80;7360.80;1913.81
6;353;1;2260.58;2260.58;497.33
7;353;1;139.50;139.50;33.48
8;353;1;143.82;143.82;33.08
9;353;1;103.50;103.50;26.91
1;354;1;5417.42;5417.42;975.14
2;354;1;9201.00;9201.00;2300.25
8;354;1;127.84;127.84;26.85
1;355;1;7081.60;7081.60;1628.77
2;355;1;7820.85;7820.85;1955.21
4;355;2;5858.37;11716.74;3046.35
7;355;1;139.50;139.50;25.11
8;355;1;159.80;159.80;33.56
9;355;1;97.75;97.75;27.37
4;356;1;5858.37;5858.37;1171.67
8;356;1;169.20;169.20;37.22
7;357;1;118.58;118.58;23.72
8;357;1;169.20;169.20;45.68
10;357;1;135.00;135.00;36.45
1;358;1;7524.20;7524.20;1504.84
4;358;2;6509.30;13018.60;2733.91
9;358;1;70.38;70.38;16.89
7;359;1;105.40;105.40;26.35
9;359;1;115.00;115.00;34.50
7;360;1;118.58;118.58;22.53
8;360;1;135.36;135.36;36.55
9;361;1;115.00;115.00;20.70
10;361;1;114.75;114.75;28.69
2;362;1;9201.00;9201.00;2300.25
5;362;1;2669.40;2669.40;640.66
8;362;1;188.00;188.00;48.88
9;362;1;103.50;103.50;21.74
6;363;1;2955.00;2955.00;620.55
7;364;1;155.00;155.00;43.40
8;364;1;169.20;169.20;33.84
1;365;1;7524.20;7524.20;1881.05
5;365;1;2966.00;2966.00;533.88
8;365;1;143.82;143.82;27.33
3;366;2;3829.50;7659.00;1608.39
6;366;1;2955.00;2955.00;827.40
4;367;2;6509.30;13018.60;4816.88
9;367;1;92.00;92.00;34.96
8;368;1;169.20;169.20;52.45
1;369;1;7966.80;7966.80;1991.70
8;369;1;159.80;159.80;49.54
9;369;1;115.00;115.00;33.35
2;370;1;7038.77;7038.77;1900.47
10;370;1;91.80;91.80;34.88
4;371;1;6509.30;6509.30;2017.88
3;372;1;3255.08;3255.08;1302.03
6;372;1;2511.75;2511.75;627.94
6;373;1;2260.58;2260.58;587.75
2;374;1;9201.00;9201.00;2944.32
4;374;1;7658.00;7658.00;2527.14
7;374;2;118.58;237.16;71.15
6;375;1;2955.00;2955.00;1152.45
7;375;1;105.40;105.40;37.94
2;376;1;8280.90;8280.90;2981.12
3;376;1;3616.75;3616.75;1085.03
9;376;1;97.75;97.75;39.10
10;376;1;135.00;135.00;43.20
1;377;1;8852.00;8852.00;2390.04
9;377;1;97.75;97.75;31.28
10;377;1;114.75;114.75;41.31
7;378;1;155.00;155.00;60.45
1;379;1;7524.20;7524.20;2407.74
5;379;2;2966.00;5932.00;2313.48
7;379;1;111.60;111.60;40.18
10;379;1;103.28;103.28;33.05
2;380;2;7038.77;14077.54;4364.04
7;380;1;131.75;131.75;47.43
9;380;1;87.98;87.98;28.15
10;380;1;121.50;121.50;35.24
3;381;2;4255.00;8510.00;2297.70
4;382;1;6892.20;6892.20;2412.27
5;382;1;2268.99;2268.99;862.22
9;382;1;103.50;103.50;39.33
10;382;1;114.75;114.75;33.28
5;383;1;2521.10;2521.10;806.75
8;383;1;127.84;127.84;37.07
10;384;2;97.20;194.40;52.49
2;385;2;9201.00;18402.00;5704.62
3;386;1;4255.00;4255.00;1233.95
10;386;1;121.50;121.50;37.67
7;387;1;118.58;118.58;41.50
10;387;1;135.00;135.00;52.65
7;388;1;118.58;118.58;41.50
8;388;1;159.80;159.80;44.74
9;388;1;97.75;97.75;28.35
10;388;1;114.75;114.75;34.43
1;389;1;8852.00;8852.00;2390.04
3;389;1;4255.00;4255.00;1063.75
7;389;1;131.75;131.75;38.21
9;389;1;97.75;97.75;27.37
10;389;1;103.28;103.28;29.95
10;390;1;103.28;103.28;26.85
5;391;2;2966.00;5932.00;2254.16
4;392;1;6892.20;6892.20;1860.89
6;392;1;2009.40;2009.40;803.76
1;393;1;6771.78;6771.78;2234.69
4;393;1;6892.20;6892.20;2067.66
6;393;1;2955.00;2955.00;1182.00
2;394;1;8280.90;8280.90;2153.03
7;394;1;155.00;155.00;60.45
4;395;2;6892.20;13784.40;5100.23
7;395;1;124.00;124.00;34.72
8;395;1;150.40;150.40;60.16
4;396;1;7658.00;7658.00;2220.82
5;396;1;2669.40;2669.40;694.04
9;396;1;87.98;87.98;33.43
1;397;1;7524.20;7524.20;2859.20
2;397;1;9201.00;9201.00;3312.36
7;397;1;155.00;155.00;51.15
9;397;1;115.00;115.00;43.70
6;398;2;2511.75;5023.50;1306.11
8;398;1;159.80;159.80;63.92
1;399;1;6771.78;6771.78;2437.84
2;399;1;7820.85;7820.85;1955.21
2;400;2;9201.00;18402.00;6256.68
